id;userProfilePK;calendarDate;sleepTimeSeconds;napTimeSeconds;sleepWindowConfirmed;sleepWindowConfirmationType;sleepStartTimestampGMT;sleepEndTimestampGMT;sleepStartTimestampLocal;sleepEndTimestampLocal;autoSleepStartTimestampGMT;autoSleepEndTimestampGMT;sleepQualityTypePK;sleepResultTypePK;unmeasurableSleepSeconds;deepSleepSeconds;lightSleepSeconds;remSleepSeconds;awakeSleepSeconds;deviceRemCapable;retro
1621455240000;4405865;2021-05-20;27600;0;true;enhanced_confirmed_final;1621455240000;1621482900000;1621462440000;1621490100000;1621452120000;1621480860000;;;0;2280;17340;7980;60;true;false
1621545360000;4405865;2021-05-21;25620;0;true;enhanced_confirmed_final;1621545360000;1621571220000;1621552560000;1621578420000;1621544880000;1621574160000;;;0;4740;15240;5640;240;true;false
1621630980000;4405865;2021-05-22;26760;0;true;enhanced_confirmed_final;1621630980000;1621658940000;1621638180000;1621666140000;1621630440000;1621656960000;;;0;1620;17280;7860;1200;true;false
1621711020000;4405865;2021-05-23;30060;0;true;auto_confirmed_final;1621711020000;1621741260000;1621718220000;1621748460000;1621711020000;1621741260000;;;0;18060;12000;0;180;true;false
1621806180000;4405865;2021-05-24;28980;0;true;enhanced_confirmed_final;1621806180000;1621836060000;1621813380000;1621843260000;1621803600000;1621835760000;;;0;1680;21780;5520;900;true;false
1621889220000;4405865;2021-05-25;27720;0;true;manually_confirmed;1621889220000;1621917000000;1621896420000;1621924200000;1621888380000;1621916760000;;;0;3060;14280;10380;60;true;false
1621976040000;4405865;2021-05-26;25140;0;true;manually_confirmed;1621976040000;1622001300000;1621983240000;1622008500000;1621976520000;1621999860000;;;0;2580;14520;8040;120;true;false
1622063700000;4405865;2021-05-27;21900;0;true;enhanced_confirmed;1622063700000;1622088000000;1622070900000;1622095200000;1622056920000;1622080860000;;;0;3180;15600;3120;2400;true;false
1622152980000;4405865;2021-05-28;22140;0;true;enhanced_confirmed;1622152980000;1622175120000;1622160180000;1622182320000;1622143620000;1622178060000;;;0;2820;10980;8340;0;true;false
1622236380000;4405865;2021-05-29;23280;0;true;enhanced_confirmed;1622236380000;1622259780000;1622243580000;1622266980000;1622228640000;1622260800000;;;0;1980;13080;8220;120;true;false
1622318220000;4405865;2021-05-30;38340;0;false;off_wrist;1622318220000;1622356560000;1622325420000;1622363760000;;;;;0;0;0;0;0;true;false
1622408280000;4405865;2021-05-31;30780;0;true;enhanced_confirmed;1622408280000;1622439120000;1622415480000;1622446320000;1622407200000;1622438640000;;;0;2820;17880;10080;60;true;false
1622495460000;4405865;2021-06-01;29100;0;true;enhanced_confirmed;1622495460000;1622525040000;1622502660000;1622532240000;1622495220000;1622537160000;;;0;3180;17460;8460;480;true;false
1622583180000;4405865;2021-06-02;25500;0;true;enhanced_confirmed_final;1622583180000;1622609340000;1622590380000;1622616540000;1622582340000;1622601120000;;;0;660;20100;4740;660;true;false
1622665140000;4405865;2021-06-03;38100;0;false;off_wrist;1622665140000;1622703240000;1622672340000;1622710440000;;;;;0;0;0;0;0;true;false
1622757000000;4405865;2021-06-04;26880;0;true;enhanced_confirmed;1622757000000;1622784900000;1622764200000;1622792100000;1622760540000;1622796360000;;;0;2520;17100;7260;1020;true;false
1622850600000;4405865;2021-06-05;24060;0;true;manually_confirmed;1622850600000;1622875680000;1622857800000;1622882880000;1622850000000;1622883540000;;;0;3720;14040;6300;1020;true;false
1622926500000;4405865;2021-06-06;29520;0;true;manually_confirmed;1622926500000;1622957880000;1622933700000;1622965080000;1622937300000;1622969160000;;;0;9900;20160;0;1860;true;false
1623012420000;4405865;2021-06-07;27840;0;true;enhanced_confirmed_final;1623012420000;1623040560000;1623019620000;1623047760000;1623008520000;1623039300000;;;0;2340;18300;7200;300;true;false
1623100740000;4405865;2021-06-08;21120;0;true;enhanced_confirmed;1623100740000;1623124800000;1623107940000;1623132000000;1623098940000;1623138060000;;;0;2100;14640;4380;2940;true;false
1623186600000;4405865;2021-06-09;23820;0;true;enhanced_confirmed_final;1623186600000;1623211620000;1623193800000;1623218820000;1623180540000;1623205800000;;;0;1320;16740;5760;1200;true;false
1623278700000;4405865;2021-06-10;15420;0;true;enhanced_confirmed_final;1623278700000;1623295140000;1623285900000;1623302340000;1623272820000;1623294360000;;;0;1020;14220;180;1020;true;false
1623360720000;4405865;2021-06-11;40260;0;true;auto_confirmed_final;1623360720000;1623401160000;1623367920000;1623408360000;1623360720000;1623401160000;;;0;27480;12780;0;180;true;false
1623444840000;4405865;2021-06-12;27240;0;true;manually_confirmed;1623444840000;1623474960000;1623452040000;1623482160000;1623462840000;1623478560000;;;180;3360;18780;5100;2700;true;false
1623532380000;4405865;2021-06-13;28500;0;true;enhanced_confirmed_final;1623532380000;1623561840000;1623539580000;1623569040000;1623532260000;1623565020000;;;0;2460;15420;10620;960;true;false
1623618660000;4405865;2021-06-14;23160;0;true;enhanced_confirmed_final;1623618660000;1623643620000;1623625860000;1623650820000;1623616260000;1623643560000;;;0;2760;15900;4500;1800;true;false
1623702240000;4405865;2021-06-15;19320;0;true;enhanced_confirmed_final;1623702240000;1623721560000;1623709440000;1623728760000;1623701340000;1623726060000;;;0;3900;10500;4920;0;true;false
1623789120000;4405865;2021-06-16;25560;0;true;enhanced_confirmed;1623789120000;1623816000000;1623796320000;1623823200000;1623788520000;1623813060000;;;0;5040;15180;5340;1320;true;false
1623879540000;4405865;2021-06-17;23160;0;true;enhanced_confirmed;1623879540000;1623902700000;1623886740000;1623909900000;1623877920000;1623897240000;;;0;2640;14340;6180;0;true;false
1623962520000;4405865;2021-06-18;38820;0;true;auto_confirmed_final;1623962520000;1624002060000;1623969720000;1624009260000;1623962520000;1624002060000;;;0;19620;19200;0;720;true;false
1624078320000;4405865;2021-06-19;14340;0;false;off_wrist;1624078320000;1624092660000;1624085520000;1624099860000;;;;;0;0;0;0;0;true;false
1624134600000;4405865;2021-06-20;30600;0;false;unconfirmed;1624134600000;1624165200000;1624141800000;1624172400000;;;;;;;;;;true;false
1624214880000;4405865;2021-06-21;31800;0;true;enhanced_confirmed_final;1624214880000;1624248420000;1624222080000;1624255620000;1624217400000;1624241460000;;;0;3180;22740;5880;1740;true;false
1624307100000;4405865;2021-06-22;23640;0;true;enhanced_confirmed_final;1624307100000;1624331340000;1624314300000;1624338540000;1624305060000;1624331340000;;;0;3000;13560;7080;600;true;false
1624396020000;4405865;2021-06-23;25980;0;true;enhanced_confirmed_final;1624396020000;1624422360000;1624403220000;1624429560000;1624390440000;1624419780000;;;0;900;18180;6900;360;true;false
1624483980000;4405865;2021-06-24;24120;0;true;enhanced_confirmed;1624483980000;1624508100000;1624491180000;1624515300000;1624483740000;1624524900000;;;0;3660;16440;4020;0;true;false
1624567800000;4405865;2021-06-25;22560;0;true;enhanced_confirmed_final;1624567800000;1624590780000;1624575000000;1624597980000;1624562520000;1624590120000;;;0;3480;12420;6660;420;true;false
1624657080000;4405865;2021-06-26;25140;0;true;enhanced_confirmed_final;1624657080000;1624682700000;1624664280000;1624689900000;1624656360000;1624680060000;;;0;2760;17040;5340;480;true;false
1624735020000;4405865;2021-06-27;21240;0;false;off_wrist;1624735020000;1624756260000;1624742220000;1624763460000;;;;;0;0;0;0;0;true;false
1624825740000;4405865;2021-06-28;28800;0;true;enhanced_confirmed_final;1624825740000;1624854840000;1624832940000;1624862040000;1624824960000;1624854660000;;;0;2340;15540;10920;300;true;false
1624917900000;4405865;2021-06-29;38160;0;false;off_wrist;1624917900000;1624956060000;1624925100000;1624963260000;;;;;0;0;0;0;0;true;false
1624997100000;4405865;2021-06-30;27300;0;true;enhanced_confirmed;1624997100000;1625025300000;1625004300000;1625032500000;1624995240000;1625035200000;;;0;3900;17460;5940;900;true;false
1625086740000;4405865;2021-07-01;24480;0;true;enhanced_confirmed_final;1625086740000;1625112000000;1625093940000;1625119200000;1625085660000;1625109960000;;;0;3060;17160;4260;780;true;false
1625174760000;4405865;2021-07-02;27840;0;true;enhanced_confirmed;1625174760000;1625203080000;1625181960000;1625210280000;1625171280000;1625203560000;;;0;1740;19260;6840;480;true;false
1625261340000;4405865;2021-07-03;29280;0;true;enhanced_confirmed_final;1625261340000;1625290740000;1625268540000;1625297940000;1625261520000;1625282460000;;;0;3540;22380;3360;120;true;false
1625347080000;4405865;2021-07-04;30060;0;true;enhanced_confirmed;1625347080000;1625377620000;1625354280000;1625384820000;1625342100000;1625381160000;;;0;240;21720;8100;480;true;false
1625434860000;4405865;2021-07-05;25260;0;true;enhanced_confirmed_final;1625434860000;1625460900000;1625442060000;1625468100000;1625433180000;1625458620000;;;0;840;14880;9540;780;true;false
1625522340000;4405865;2021-07-06;21600;0;true;enhanced_confirmed_final;1625522340000;1625544000000;1625529540000;1625551200000;1625521560000;1625544840000;;;0;1500;13320;6780;60;true;false
1625606580000;4405865;2021-07-07;30900;0;true;enhanced_confirmed_final;1625606580000;1625640120000;1625613780000;1625647320000;1625608140000;1625639760000;;;0;2520;21000;7380;2640;true;false
1625694180000;4405865;2021-07-08;22380;0;true;enhanced_confirmed;1625694180000;1625716620000;1625701380000;1625723820000;1625685720000;1625711880000;;;0;2880;12480;7020;60;true;false
1625780160000;4405865;2021-07-09;32040;0;true;enhanced_confirmed_final;1625780160000;1625812920000;1625787360000;1625820120000;1625779800000;1625819160000;;;0;2520;19740;9780;720;true;false
1625863320000;4405865;2021-07-10;33960;0;true;enhanced_confirmed_final;1625863320000;1625897640000;1625870520000;1625904840000;1625863020000;1625897400000;;;0;2760;21600;9600;360;true;false
1625955240000;4405865;2021-07-11;26160;0;true;enhanced_confirmed;1625955240000;1625981700000;1625962440000;1625988900000;1625955420000;1625992860000;;;0;5520;11220;9420;300;true;false
1626043920000;4405865;2021-07-12;21720;0;true;enhanced_confirmed_final;1626043920000;1626065700000;1626051120000;1626072900000;1626043620000;1626065580000;;;0;4200;14700;2820;60;true;false
1626122280000;4405865;2021-07-13;23520;0;true;enhanced_confirmed_final;1626122280000;1626145920000;1626129480000;1626153120000;1626121860000;1626145740000;;;0;2400;14880;6240;120;true;false
1626212160000;4405865;2021-07-14;27420;0;true;enhanced_confirmed_final;1626212160000;1626240180000;1626219360000;1626247380000;1626211740000;1626239760000;;;0;2100;17640;7680;600;true;false
1626298140000;4405865;2021-07-15;23340;0;true;enhanced_confirmed;1626298140000;1626321600000;1626305340000;1626328800000;1626297840000;1626339300000;;;0;3540;12360;7440;120;true;false
1626384300000;4405865;2021-07-16;27600;0;true;enhanced_confirmed;1626384300000;1626411960000;1626391500000;1626419160000;1626384120000;1626420720000;;;0;3060;15780;8760;60;true;false
1626470820000;4405865;2021-07-17;30660;0;true;enhanced_confirmed_final;1626470820000;1626504900000;1626478020000;1626512100000;1626468900000;1626490500000;;;0;4620;16680;9360;3420;true;false
1626555540000;4405865;2021-07-18;29220;0;true;enhanced_confirmed_final;1626555540000;1626585240000;1626562740000;1626592440000;1626548460000;1626586140000;;;0;960;19380;8880;480;true;false
1626644340000;4405865;2021-07-19;26520;0;true;enhanced_confirmed;1626644340000;1626671100000;1626651540000;1626678300000;1626643440000;1626671160000;;;0;3000;14460;9060;240;true;false
1626730200000;4405865;2021-07-20;26400;0;true;enhanced_confirmed;1626730200000;1626758040000;1626737400000;1626765240000;1626729540000;1626757800000;;;780;2580;17700;6120;660;true;false
1626818820000;4405865;2021-07-21;32280;0;true;enhanced_confirmed_final;1626818820000;1626852180000;1626826020000;1626859380000;1626818820000;1626857760000;;;0;2520;20940;8820;1080;true;false
1626906540000;4405865;2021-07-22;29580;0;true;enhanced_confirmed_final;1626906540000;1626936420000;1626913740000;1626943620000;1626906060000;1626943080000;;;0;2700;17820;9060;300;true;false
1626991020000;4405865;2021-07-23;25680;0;true;enhanced_confirmed_final;1626991020000;1627016880000;1626998220000;1627024080000;1626988200000;1627016940000;;;0;2640;15540;7500;180;true;false
1627075020000;4405865;2021-07-24;22920;0;true;enhanced_confirmed_final;1627075020000;1627099560000;1627082220000;1627106760000;1627074720000;1627099500000;;;0;2940;13260;6720;1620;true;false
1627164720000;4405865;2021-07-25;30660;0;true;enhanced_confirmed;1627164720000;1627198260000;1627171920000;1627205460000;1627164360000;1627201920000;;;1860;3060;16440;11160;1020;true;false
1627252260000;4405865;2021-07-26;37200;0;true;auto_confirmed_final;1627252260000;1627289760000;1627259460000;1627296960000;1627252260000;1627289760000;;;0;17100;20100;0;300;true;false
1627334340000;4405865;2021-07-27;30840;0;true;enhanced_confirmed;1627334340000;1627365360000;1627341540000;1627372560000;1627333980000;1627365180000;;;0;3240;20820;6780;180;true;false
1627418220000;4405865;2021-07-28;28320;0;true;enhanced_confirmed;1627418220000;1627446900000;1627425420000;1627454100000;1627415400000;1627446480000;;;0;4200;16380;7740;360;true;false
1627503420000;4405865;2021-07-29;30840;0;true;enhanced_confirmed;1627503420000;1627535280000;1627510620000;1627542480000;1627503000000;1627531740000;;;0;2400;23160;5280;1020;true;false
1627589700000;4405865;2021-07-30;32700;0;true;enhanced_confirmed;1627589700000;1627622640000;1627596900000;1627629840000;1627589160000;1627621860000;;;0;2700;21240;8760;240;true;false
1627674300000;4405865;2021-07-31;33180;0;true;enhanced_confirmed;1627674300000;1627708080000;1627681500000;1627715280000;1627673820000;1627708080000;;;0;3780;20160;9240;600;true;false
1627763280000;4405865;2021-08-01;32160;0;true;enhanced_confirmed;1627763280000;1627796040000;1627770480000;1627803240000;1627762740000;1627795920000;;;0;2160;23760;6240;600;true;false
1627851180000;4405865;2021-08-02;29340;0;true;enhanced_confirmed;1627851180000;1627881600000;1627858380000;1627888800000;1627849020000;1627885260000;;;0;3120;17160;9060;1080;true;false
1627939380000;4405865;2021-08-03;26760;0;true;enhanced_confirmed_final;1627939380000;1627966620000;1627946580000;1627973820000;1627937760000;1627968060000;;;0;1920;19740;5100;480;true;false
1628024340000;4405865;2021-08-04;29460;0;true;enhanced_confirmed_final;1628024340000;1628054460000;1628031540000;1628061660000;1628025120000;1628051400000;;;0;1980;18300;9180;660;true;false
1628110680000;4405865;2021-08-05;25380;0;true;enhanced_confirmed_final;1628110680000;1628136540000;1628117880000;1628143740000;1628109000000;1628135760000;;;0;2340;17640;5400;480;true;false
1628197680000;4405865;2021-08-06;23100;0;true;enhanced_confirmed_final;1628197680000;1628220780000;1628204880000;1628227980000;1628192760000;1628221440000;;;0;0;16020;7080;0;true;false
1628285400000;4405865;2021-08-07;24960;0;true;enhanced_confirmed;1628285400000;1628311320000;1628292600000;1628318520000;1628284860000;1628321100000;;;0;3300;13140;8520;960;true;false
1628375160000;4405865;2021-08-08;37140;0;true;auto_confirmed_final;1628375160000;1628413140000;1628382360000;1628420340000;1628375160000;1628413140000;;;0;17520;19620;0;840;true;false
1628456220000;4405865;2021-08-09;29700;0;true;enhanced_confirmed;1628456220000;1628486040000;1628463420000;1628493240000;1628456220000;1628499060000;;;0;2160;19200;8340;120;true;false
1628543280000;4405865;2021-08-10;21180;0;true;enhanced_confirmed_final;1628543280000;1628565000000;1628550480000;1628572200000;1628539980000;1628564940000;;;0;960;15300;4920;540;true;false
1628629380000;4405865;2021-08-11;27120;0;true;enhanced_confirmed;1628629380000;1628656620000;1628636580000;1628663820000;1628628420000;1628655960000;;;0;3540;14940;8640;120;true;false
1628718900000;4405865;2021-08-12;20820;0;true;enhanced_confirmed_final;1628718900000;1628741520000;1628726100000;1628748720000;1628713320000;1628735520000;;;0;1740;15780;3300;1800;true;false
1628802600000;4405865;2021-08-13;23460;0;true;enhanced_confirmed_final;1628802600000;1628826480000;1628809800000;1628833680000;1628798220000;1628827380000;;;0;2520;11760;9180;420;true;false
1628888100000;4405865;2021-08-14;29940;0;true;enhanced_confirmed;1628888100000;1628918220000;1628895300000;1628925420000;1628887620000;1628927640000;;;0;3180;17400;9360;180;true;false
1628974860000;4405865;2021-08-15;27360;0;true;enhanced_confirmed_final;1628974860000;1629002400000;1628982060000;1629009600000;1628974320000;1629001560000;;;0;2220;18180;6960;180;true;false
1629059160000;4405865;2021-08-16;32040;0;true;enhanced_confirmed;1629059160000;1629091440000;1629066360000;1629098640000;1629058140000;1629088020000;;;0;3420;17340;11280;240;true;false
1629148500000;4405865;2021-08-17;21120;0;true;enhanced_confirmed;1629148500000;1629169680000;1629155700000;1629176880000;1629147960000;1629169620000;;;0;2160;14160;4800;60;true;false
1629255600000;4405865;2021-08-18;20760;0;false;off_wrist;1629255600000;1629276360000;1629262800000;1629283560000;;;;;0;0;0;0;0;true;false
1629317760000;4405865;2021-08-19;20940;0;true;manually_confirmed;1629317760000;1629345420000;1629324960000;1629352620000;1629324960000;1629361500000;;;0;7320;13620;0;6720;true;false
1629404640000;4405865;2021-08-20;26340;0;true;enhanced_confirmed_final;1629404640000;1629431100000;1629411840000;1629438300000;1629404220000;1629427560000;;;0;1800;17340;7200;120;true;false
1629495720000;4405865;2021-08-21;25560;0;true;enhanced_confirmed;1629495720000;1629521580000;1629502920000;1629528780000;1629495240000;1629532080000;;;0;2760;14940;7860;300;true;false
1629580920000;4405865;2021-08-22;29460;0;true;enhanced_confirmed_final;1629580920000;1629611400000;1629588120000;1629618600000;1629577500000;1629609300000;;;0;2940;17640;8880;1020;true;false
1629664800000;4405865;2021-08-23;27960;0;true;enhanced_confirmed_final;1629664800000;1629693300000;1629672000000;1629700500000;1629664320000;1629690900000;;;0;3600;14160;10200;540;true;false
1629758700000;4405865;2021-08-24;17820;0;true;enhanced_confirmed;1629758700000;1629777540000;1629765900000;1629784740000;1629745320000;1629777120000;;;0;1560;13320;2940;1020;true;false
1629838920000;4405865;2021-08-25;22620;0;true;enhanced_confirmed;1629838920000;1629861720000;1629846120000;1629868920000;1629835140000;1629861660000;;;0;1920;14460;6240;180;true;false
1629921900000;4405865;2021-08-26;26160;0;true;enhanced_confirmed;1629921900000;1629948060000;1629929100000;1629955260000;1629920880000;1629947640000;;;0;4140;13380;8640;0;true;false
1630013580000;4405865;2021-08-27;40200;0;true;auto_confirmed_final;1630013580000;1630054560000;1630020780000;1630061760000;1630013580000;1630054560000;;;0;25440;14760;0;780;true;false
1630101420000;4405865;2021-08-28;28380;0;true;manually_confirmed;1630101420000;1630133940000;1630108620000;1630141140000;1630105020000;1630141140000;;;0;12300;16080;0;4140;true;false
1630185720000;4405865;2021-08-29;25800;0;true;enhanced_confirmed_final;1630185720000;1630212660000;1630192920000;1630219860000;1630185600000;1630212600000;;;0;1800;16080;7920;1140;true;false
1630270140000;4405865;2021-08-30;27780;0;true;enhanced_confirmed_final;1630270140000;1630298100000;1630277340000;1630305300000;1630269900000;1630297260000;;;0;3300;15780;8700;180;true;false
1630352700000;4405865;2021-08-31;25740;0;true;enhanced_confirmed_final;1630352700000;1630379400000;1630359900000;1630386600000;1630351020000;1630379040000;;;0;0;22620;3120;960;true;false
1630439640000;4405865;2021-09-01;28860;0;true;enhanced_confirmed_final;1630439640000;1630469040000;1630446840000;1630476240000;1630438380000;1630467060000;;;0;3300;18120;7440;540;true;false
1630527720000;4405865;2021-09-02;27000;0;true;manually_confirmed;1630527720000;1630555680000;1630534920000;1630562880000;1630527720000;1630557060000;;;0;2220;15360;9420;960;true;false
1630613760000;4405865;2021-09-03;28980;0;true;enhanced_confirmed_final;1630613760000;1630642980000;1630620960000;1630650180000;1630612800000;1630638420000;;;0;3360;15420;10200;240;true;false
1630709520000;4405865;2021-09-04;20880;0;true;enhanced_confirmed_final;1630709520000;1630730400000;1630716720000;1630737600000;1630708080000;1630730400000;;;0;3480;12300;5100;0;true;false
1630792680000;4405865;2021-09-05;25320;0;true;enhanced_confirmed;1630792680000;1630818540000;1630799880000;1630825740000;1630792140000;1630831860000;;;0;2580;15240;7500;540;true;false
1630876800000;4405865;2021-09-06;25920;0;true;enhanced_confirmed_final;1630876800000;1630903020000;1630884000000;1630910220000;1630876500000;1630902660000;;;0;2040;15960;7920;300;true;false
1630963620000;4405865;2021-09-07;23940;0;true;enhanced_confirmed_final;1630963620000;1630987740000;1630970820000;1630994940000;1630962120000;1630987740000;;;0;540;14880;8520;180;true;false
1631044140000;4405865;2021-09-08;29040;0;true;enhanced_confirmed_final;1631044140000;1631074080000;1631051340000;1631081280000;1631043540000;1631072460000;;;0;1140;21540;6360;900;true;false
1631133720000;4405865;2021-09-09;26340;0;true;enhanced_confirmed_final;1631133720000;1631160120000;1631140920000;1631167320000;1631133360000;1631159760000;;;0;0;18660;7680;60;true;false
1631247360000;4405865;2021-09-10;16500;0;false;off_wrist;1631247360000;1631263860000;1631254560000;1631271060000;;;;;0;0;0;0;0;true;false
1631312700000;4405865;2021-09-11;28500;0;true;enhanced_confirmed;1631312700000;1631342280000;1631319900000;1631349480000;1631311740000;1631341620000;;;0;3540;12600;12360;1080;true;false
1631400900000;4405865;2021-09-12;24780;0;true;enhanced_confirmed;1631400900000;1631425860000;1631408100000;1631433060000;1631400240000;1631425920000;;;0;2220;14280;8280;180;true;false
1631479080000;4405865;2021-09-13;28800;0;true;enhanced_confirmed;1631479080000;1631507940000;1631486280000;1631515140000;1631479080000;1631506260000;;;0;2880;17340;8580;60;true;false
1631560860000;4405865;2021-09-14;27960;0;true;enhanced_confirmed;1631560860000;1631589000000;1631568060000;1631596200000;1631560620000;1631587080000;;;0;2160;21660;4140;180;true;false
1631669820000;4405865;2021-09-15;25500;0;false;off_wrist;1631669820000;1631695320000;1631677020000;1631702520000;;;;;0;0;0;0;0;true;false
1631742780000;4405865;2021-09-16;23940;0;true;enhanced_confirmed;1631742780000;1631766900000;1631749980000;1631774100000;1631742240000;1631770380000;;;0;2100;15240;6600;180;true;false
1631822220000;4405865;2021-09-17;25920;0;true;enhanced_confirmed_final;1631822220000;1631848260000;1631829420000;1631855460000;1631821800000;1631849100000;;;0;540;18060;7320;120;true;false
1631919000000;4405865;2021-09-18;26460;0;true;enhanced_confirmed_final;1631919000000;1631945760000;1631926200000;1631952960000;1631914860000;1631950860000;;;0;4260;16560;5640;300;true;false
1632002040000;4405865;2021-09-19;26580;0;true;enhanced_confirmed_final;1632002040000;1632028740000;1632009240000;1632035940000;1631999400000;1632028620000;;;0;2880;14100;9600;120;true;false
1632085620000;4405865;2021-09-20;26280;0;true;enhanced_confirmed_final;1632085620000;1632112380000;1632092820000;1632119580000;1632085200000;1632112260000;;;0;1740;15540;9000;480;true;false
1632171240000;4405865;2021-09-21;42540;0;true;auto_confirmed_final;1632171240000;1632214260000;1632178440000;1632221460000;1632171240000;1632214260000;;;0;24900;17640;0;480;true;false
1632260400000;4405865;2021-09-22;23340;0;true;enhanced_confirmed_final;1632260400000;1632284280000;1632267600000;1632291480000;1632259860000;1632282060000;;;0;3300;15720;4320;540;true;false
1632344400000;4405865;2021-09-23;27120;0;true;enhanced_confirmed_final;1632344400000;1632371820000;1632351600000;1632379020000;1632343680000;1632371640000;;;0;2700;16740;7680;300;true;false
1632429240000;4405865;2021-09-24;28020;0;true;enhanced_confirmed_final;1632429240000;1632457440000;1632436440000;1632464640000;1632428700000;1632454560000;;;0;2160;15660;10200;180;true;false
1632521580000;4405865;2021-09-25;25920;0;true;enhanced_confirmed_final;1632521580000;1632547560000;1632528780000;1632554760000;1632520560000;1632547500000;;;0;1740;16740;7440;60;true;false
1632604860000;4405865;2021-09-26;29520;0;true;enhanced_confirmed_final;1632604860000;1632634500000;1632612060000;1632641700000;1632597720000;1632626460000;;;0;3960;17160;8400;120;true;false
1632689580000;4405865;2021-09-27;27600;0;true;enhanced_confirmed_final;1632689580000;1632717540000;1632696780000;1632724740000;1632689220000;1632716760000;;;0;2280;18300;7020;360;true;false
1632772140000;4405865;2021-09-28;26340;0;true;enhanced_confirmed_final;1632772140000;1632798720000;1632779340000;1632805920000;1632776880000;1632799380000;;;0;1920;18480;5940;240;true;false
1632859440000;4405865;2021-09-29;25440;0;true;enhanced_confirmed_final;1632859440000;1632885120000;1632866640000;1632892320000;1632858780000;1632886080000;;;0;2160;16380;6900;240;true;false
1632948480000;4405865;2021-09-30;26280;0;true;enhanced_confirmed;1632948480000;1632974820000;1632955680000;1632982020000;1632948420000;1632991860000;;;0;2520;16800;6960;60;true;false
1633028640000;4405865;2021-10-01;29100;0;true;enhanced_confirmed;1633028640000;1633057920000;1633035840000;1633065120000;1633029120000;1633054920000;;;0;2400;19380;7320;180;true;false
1633125600000;4405865;2021-10-02;25320;0;true;enhanced_confirmed;1633125600000;1633151580000;1633132800000;1633158780000;1633125180000;1633152240000;;;0;840;16680;7800;660;true;false
1633206840000;4405865;2021-10-03;32400;0;true;enhanced_confirmed;1633206840000;1633241100000;1633214040000;1633248300000;1633206720000;1633239660000;;;0;3540;18540;10320;1860;true;false
1633297860000;4405865;2021-10-04;26820;0;true;enhanced_confirmed;1633297860000;1633326360000;1633305060000;1633333560000;1633297320000;1633326120000;;;0;3120;16800;6900;1680;true;false
1633380360000;4405865;2021-10-05;28140;0;true;enhanced_confirmed_final;1633380360000;1633410000000;1633387560000;1633417200000;1633379220000;1633410000000;;;0;2160;18360;7620;1500;true;false
1633464600000;4405865;2021-10-06;32640;0;true;enhanced_confirmed_final;1633464600000;1633497900000;1633471800000;1633505100000;1633464240000;1633499760000;;;0;1080;21240;10320;660;true;false
1633552500000;4405865;2021-10-07;32880;0;true;enhanced_confirmed_final;1633552500000;1633585680000;1633559700000;1633592880000;1633552140000;1633584960000;;;0;2820;20340;9720;300;true;false
1633639140000;4405865;2021-10-08;32160;0;true;enhanced_confirmed;1633639140000;1633671780000;1633646340000;1633678980000;1633638660000;1633671660000;;;0;960;18780;12420;480;true;false
1633720800000;4405865;2021-10-09;34500;0;true;enhanced_confirmed_final;1633720800000;1633755720000;1633728000000;1633762920000;1633720380000;1633755600000;;;0;3060;19140;12300;420;true;false
1633813020000;4405865;2021-10-10;31020;0;true;manually_confirmed;1633813020000;1633848480000;1633820220000;1633855680000;1633815180000;1633843680000;;;720;2100;20460;8460;3720;true;false
1633904160000;4405865;2021-10-11;24720;0;true;enhanced_confirmed_final;1633904160000;1633929060000;1633911360000;1633936260000;1633903440000;1633929060000;;;0;2760;14160;7800;180;true;false
1633986120000;4405865;2021-10-12;25680;0;true;enhanced_confirmed;1633986120000;1634011800000;1633993320000;1634019000000;1633985280000;1634023860000;;;0;3000;14460;8220;0;true;false
1634078040000;4405865;2021-10-13;23820;0;true;enhanced_confirmed;1634078040000;1634102040000;1634085240000;1634109240000;1634077740000;1634102040000;;;0;2640;14580;6600;180;true;false
1634157840000;4405865;2021-10-14;27660;0;true;enhanced_confirmed_final;1634157840000;1634185680000;1634165040000;1634192880000;1634157600000;1634186940000;;;0;3240;18120;6300;180;true;false
1634251260000;4405865;2021-10-15;26460;0;true;enhanced_confirmed_final;1634251260000;1634278560000;1634258460000;1634285760000;1634250300000;1634280660000;;;0;2640;19560;4260;840;true;false
1634338680000;4405865;2021-10-16;24900;0;true;enhanced_confirmed;1634338680000;1634363880000;1634345880000;1634371080000;1634338020000;1634368440000;;;0;2040;15360;7500;300;true;false
1634422080000;4405865;2021-10-17;27480;0;true;enhanced_confirmed_final;1634422080000;1634449680000;1634429280000;1634456880000;1634421240000;1634454660000;;;0;4380;14520;8580;120;true;false
1634502900000;4405865;2021-10-18;28740;0;true;enhanced_confirmed_final;1634502900000;1634531760000;1634510100000;1634538960000;1634502060000;1634529960000;;;0;3660;17340;7740;120;true;false
1634593500000;4405865;2021-10-19;25740;0;true;enhanced_confirmed;1634593500000;1634619360000;1634600700000;1634626560000;1634593140000;1634633940000;;;0;4680;12240;8820;120;true;false
1634674980000;4405865;2021-10-20;28620;0;true;enhanced_confirmed_final;1634674980000;1634704320000;1634682180000;1634711520000;1634674800000;1634704200000;;;0;2460;19380;6780;720;true;false
1634759760000;4405865;2021-10-21;29040;0;true;enhanced_confirmed_final;1634759760000;1634789040000;1634766960000;1634796240000;1634760420000;1634784960000;;;0;2640;16440;9960;240;true;false
1634851620000;4405865;2021-10-22;23880;0;true;enhanced_confirmed;1634851620000;1634875620000;1634858820000;1634882820000;1634851140000;1634893140000;;;0;2100;14400;7380;120;true;false
1634943840000;4405865;2021-10-23;26940;0;true;enhanced_confirmed;1634943840000;1634973120000;1634951040000;1634980320000;1634940720000;1634972760000;;;0;4560;15420;6960;2340;true;false
1635027660000;4405865;2021-10-24;25200;0;true;enhanced_confirmed;1635027660000;1635054360000;1635034860000;1635061560000;1635026580000;1635049080000;;;0;4200;12420;8580;1500;true;false
1635109020000;4405865;2021-10-25;27120;0;true;enhanced_confirmed;1635109020000;1635136500000;1635116220000;1635143700000;1635109500000;1635136020000;;;0;2640;16500;7980;360;true;false
1635193980000;4405865;2021-10-26;24300;0;true;enhanced_confirmed_final;1635193980000;1635218460000;1635201180000;1635225660000;1635193560000;1635221760000;;;0;1560;17280;5460;180;true;false
1635279540000;4405865;2021-10-27;24720;0;true;enhanced_confirmed_final;1635279540000;1635304320000;1635286740000;1635311520000;1635278760000;1635304260000;;;0;1320;15180;8220;60;true;false
1635363240000;4405865;2021-10-28;29940;0;true;enhanced_confirmed_final;1635363240000;1635393540000;1635370440000;1635400740000;1635362880000;1635394560000;;;0;2580;16740;10620;360;true;false
1635459120000;4405865;2021-10-29;26940;0;true;enhanced_confirmed_final;1635459120000;1635486240000;1635466320000;1635493440000;1635458340000;1635489000000;;;0;3360;16020;7560;180;true;false
1635546120000;4405865;2021-10-30;28080;0;true;enhanced_confirmed_final;1635546120000;1635574440000;1635553320000;1635581640000;1635545640000;1635574500000;;;0;2520;15600;9960;240;true;false
1635627660000;4405865;2021-10-31;32580;0;true;enhanced_confirmed_final;1635627660000;1635660900000;1635631260000;1635664500000;1635627360000;1635664260000;;;0;1800;20580;10200;660;true;false
1635713160000;4405865;2021-11-01;30000;0;true;enhanced_confirmed_final;1635713160000;1635744720000;1635716760000;1635748320000;1635711900000;1635744420000;;;0;2760;21420;5820;1560;true;false
1635800580000;4405865;2021-11-02;25680;0;true;enhanced_confirmed_final;1635800580000;1635826320000;1635804180000;1635829920000;1635798420000;1635827160000;;;0;2580;15780;7320;60;true;false
1635888840000;4405865;2021-11-03;23700;0;true;enhanced_confirmed_final;1635888840000;1635912840000;1635892440000;1635916440000;1635888420000;1635913500000;;;0;3420;13440;6840;300;true;false
1635969900000;4405865;2021-11-04;30840;0;true;enhanced_confirmed_final;1635969900000;1636000980000;1635973500000;1636004580000;1635969660000;1636001160000;;;0;1980;17760;11100;240;true;false
1636064340000;4405865;2021-11-05;24900;0;true;enhanced_confirmed_final;1636064340000;1636089360000;1636067940000;1636092960000;1636063140000;1636088220000;;;0;2100;13140;9660;120;true;false
1636148220000;4405865;2021-11-06;28620;0;true;manually_confirmed;1636148220000;1636178280000;1636151820000;1636181880000;1636142640000;1636181700000;;;900;0;16020;12600;540;true;false
1636234380000;4405865;2021-11-07;31800;0;true;enhanced_confirmed_final;1636234380000;1636266180000;1636237980000;1636269780000;1636233240000;1636265760000;;;0;2700;19680;9420;0;true;false
1636321920000;4405865;2021-11-08;27600;0;true;enhanced_confirmed_final;1636321920000;1636349820000;1636325520000;1636353420000;1636321740000;1636344960000;;;0;0;17460;10140;300;true;false
1636405140000;4405865;2021-11-09;25800;0;true;manually_confirmed;1636405140000;1636431000000;1636408740000;1636434600000;1636402140000;1636434300000;;;0;0;17220;8580;60;true;false
1636490820000;4405865;2021-11-10;26340;0;true;enhanced_confirmed_final;1636490820000;1636517400000;1636494420000;1636521000000;1636490460000;1636517400000;;;0;2100;17400;6840;240;true;false
1636580220000;4405865;2021-11-11;25740;0;true;enhanced_confirmed_final;1636580220000;1636606080000;1636583820000;1636609680000;1636579860000;1636605840000;;;0;900;15120;9720;120;true;false
1636670520000;4405865;2021-11-12;22560;0;true;manually_confirmed;1636670520000;1636693080000;1636674120000;1636696680000;1636667700000;1636692900000;;;0;300;12600;9660;0;true;false
1636756140000;4405865;2021-11-13;23940;0;true;enhanced_confirmed_final;1636756140000;1636780200000;1636759740000;1636783800000;1636752960000;1636783680000;;;0;2400;13980;7560;120;true;false
1636848180000;4405865;2021-11-14;22320;0;true;manually_confirmed;1636848180000;1636870500000;1636851780000;1636874100000;1636847700000;1636879740000;;;0;3240;13080;6000;0;true;false
1636923900000;4405865;2021-11-15;30120;0;true;enhanced_confirmed_final;1636923900000;1636954080000;1636927500000;1636957680000;1636923480000;1636949820000;;;0;2280;18180;9660;60;true;false
1637012100000;4405865;2021-11-16;22680;0;true;enhanced_confirmed_final;1637012100000;1637036040000;1637015700000;1637039640000;1637010840000;1637036820000;;;0;2640;10860;9180;1260;true;false
1637101800000;4405865;2021-11-17;25140;0;true;enhanced_confirmed;1637101800000;1637127240000;1637105400000;1637130840000;1637094240000;1637126940000;;;0;2220;14700;8220;300;true;false
1637184420000;4405865;2021-11-18;25920;0;true;enhanced_confirmed_final;1637184420000;1637211960000;1637188020000;1637215560000;1637181240000;1637212740000;;;840;2280;14520;9120;780;true;false
1637269800000;4405865;2021-11-19;28680;0;true;enhanced_confirmed_final;1637269800000;1637298540000;1637273400000;1637302140000;1637269560000;1637296500000;;;0;2160;18240;8280;60;true;false
1637365260000;4405865;2021-11-20;25320;0;true;enhanced_confirmed;1637365260000;1637391300000;1637368860000;1637394900000;1637365020000;1637390820000;;;0;3300;16740;5280;720;true;false
1637451420000;4405865;2021-11-21;23460;0;true;enhanced_confirmed;1637451420000;1637475960000;1637455020000;1637479560000;1637451240000;1637487780000;;;0;1080;16800;5580;1080;true;false
1637536440000;4405865;2021-11-22;22800;0;true;enhanced_confirmed_final;1637536440000;1637559360000;1637540040000;1637562960000;1637532540000;1637558100000;;;0;4320;11220;7260;120;true;false
1637617920000;4405865;2021-11-23;22800;0;true;enhanced_confirmed_final;1637617920000;1637640720000;1637621520000;1637644320000;1637617020000;1637641680000;;;0;3180;14880;4740;0;true;false
1637702940000;4405865;2021-11-24;24420;0;true;enhanced_confirmed_final;1637702940000;1637727360000;1637706540000;1637730960000;1637702340000;1637727900000;;;0;3900;13920;6600;0;true;false
1637792820000;4405865;2021-11-25;24300;0;true;enhanced_confirmed;1637792820000;1637817300000;1637796420000;1637820900000;1637792400000;1637817180000;;;0;3060;13980;7260;180;true;false
1637875320000;4405865;2021-11-26;28080;0;true;enhanced_confirmed_final;1637875320000;1637903640000;1637878920000;1637907240000;1637874900000;1637903460000;;;0;2100;16980;9000;240;true;false
1637963220000;4405865;2021-11-27;24540;0;true;enhanced_confirmed_final;1637963220000;1637988360000;1637966820000;1637991960000;1637962560000;1637988300000;;;0;2580;13260;8700;600;true;false
1638054960000;4405865;2021-11-28;28440;0;true;enhanced_confirmed;1638054960000;1638083520000;1638058560000;1638087120000;1638053880000;1638083580000;;;0;900;17880;9660;120;true;false
1638136560000;4405865;2021-11-29;27480;0;true;enhanced_confirmed_final;1638136560000;1638164160000;1638140160000;1638167760000;1638135360000;1638163140000;;;0;1200;13440;12840;120;true;false
1638222360000;4405865;2021-11-30;23520;0;true;enhanced_confirmed;1638222360000;1638245940000;1638225960000;1638249540000;1638220440000;1638246360000;;;0;3060;15720;4740;60;true;false
1638313860000;4405865;2021-12-01;23100;0;true;enhanced_confirmed_final;1638313860000;1638337080000;1638317460000;1638340680000;1638312780000;1638336660000;;;0;3600;9060;10440;120;true;false
1638395580000;4405865;2021-12-02;26460;0;true;enhanced_confirmed_final;1638395580000;1638422100000;1638399180000;1638425700000;1638393960000;1638422520000;;;0;4440;14760;7260;60;true;false
1638477900000;4405865;2021-12-03;30240;0;true;enhanced_confirmed_final;1638477900000;1638508320000;1638481500000;1638511920000;1638478020000;1638506160000;;;0;3360;20160;6720;180;true;false
1638568740000;4405865;2021-12-04;29640;0;true;enhanced_confirmed;1638568740000;1638599100000;1638572340000;1638602700000;1638567720000;1638600300000;;;0;2580;17220;9840;720;true;false
1638660060000;4405865;2021-12-05;29040;0;true;enhanced_confirmed_final;1638660060000;1638689640000;1638663660000;1638693240000;1638659100000;1638690900000;;;0;1680;17880;9480;540;true;false
1638742380000;4405865;2021-12-06;26340;0;true;enhanced_confirmed_final;1638742380000;1638768900000;1638745980000;1638772500000;1638741120000;1638767160000;;;0;3660;15780;6900;180;true;false
1638826080000;4405865;2021-12-07;24120;0;true;enhanced_confirmed_final;1638826080000;1638850500000;1638829680000;1638854100000;1638825420000;1638851100000;;;0;1920;14100;8100;300;true;false
1638912180000;4405865;2021-12-08;27660;0;true;enhanced_confirmed;1638912180000;1638940500000;1638915780000;1638944100000;1638907920000;1638945060000;;;0;0;17400;10260;660;true;false
1639000140000;4405865;2021-12-09;26160;0;true;enhanced_confirmed_final;1639000140000;1639026300000;1639003740000;1639029900000;1638999060000;1639026360000;;;0;1740;15540;8880;0;true;false
1639087920000;4405865;2021-12-10;25080;0;true;enhanced_confirmed_final;1639087920000;1639113180000;1639091520000;1639116780000;1639087200000;1639112580000;;;0;4740;12000;8340;180;true;false
1639174500000;4405865;2021-12-11;34560;0;true;enhanced_confirmed_final;1639174500000;1639209660000;1639178100000;1639213260000;1639173960000;1639208700000;;;0;3540;19440;11580;600;true;false
1639263480000;4405865;2021-12-12;27840;0;true;enhanced_confirmed;1639263480000;1639291980000;1639267080000;1639295580000;1639263240000;1639303140000;;;0;2580;17280;7980;660;true;false
1639344060000;4405865;2021-12-13;29280;0;true;enhanced_confirmed;1639344060000;1639373520000;1639347660000;1639377120000;1639343700000;1639373460000;;;0;2340;19200;7740;180;true;false
1639431540000;4405865;2021-12-14;23100;0;true;enhanced_confirmed_final;1639431540000;1639454760000;1639435140000;1639458360000;1639430820000;1639454520000;;;0;4380;12180;6540;120;true;false
1639515720000;4405865;2021-12-15;30420;0;true;enhanced_confirmed_final;1639515720000;1639546140000;1639519320000;1639549740000;1639515360000;1639545900000;;;0;2280;17700;10440;0;true;false
1639602720000;4405865;2021-12-16;28560;0;true;enhanced_confirmed_final;1639602720000;1639631400000;1639606320000;1639635000000;1639602240000;1639632300000;;;0;1500;16260;10800;120;true;false
1639692360000;4405865;2021-12-17;24420;0;true;enhanced_confirmed_final;1639692360000;1639718280000;1639695960000;1639721880000;1639691100000;1639718280000;;;0;4080;13860;6480;1500;true;false
1639775280000;4405865;2021-12-18;33720;0;true;enhanced_confirmed_final;1639775280000;1639809000000;1639778880000;1639812600000;1639774380000;1639815060000;;;0;0;19440;14280;0;true;false
1639864260000;4405865;2021-12-19;34620;0;true;enhanced_confirmed_final;1639864260000;1639899240000;1639867860000;1639902840000;1639863300000;1639896600000;;;0;1440;21600;11580;360;true;false
1639948740000;4405865;2021-12-20;29400;0;true;enhanced_confirmed;1639948740000;1639978320000;1639952340000;1639981920000;1639948800000;1639989960000;;;0;2280;19620;7500;180;true;false
1640032920000;4405865;2021-12-21;25980;0;true;enhanced_confirmed_final;1640032920000;1640059620000;1640036520000;1640063220000;1640032380000;1640060280000;;;0;1080;15420;9480;720;true;false
1640123460000;4405865;2021-12-22;42720;0;true;auto_confirmed_final;1640123460000;1640166360000;1640127060000;1640169960000;1640123460000;1640166360000;;;0;26280;16440;0;180;true;false
1640206860000;4405865;2021-12-23;29220;0;true;enhanced_confirmed_final;1640206860000;1640236080000;1640210460000;1640239680000;1640206380000;1640230980000;;;0;0;17520;11700;0;true;false
1640295060000;4405865;2021-12-24;32100;0;true;enhanced_confirmed_final;1640295060000;1640327220000;1640298660000;1640330820000;1640294640000;1640327100000;;;0;2820;20280;9000;60;true;false
1640387040000;4405865;2021-12-25;30000;0;true;enhanced_confirmed_final;1640387040000;1640417700000;1640390640000;1640421300000;1640386320000;1640417700000;;;0;2100;19380;8520;660;true;false
1640474880000;4405865;2021-12-26;28740;0;true;enhanced_confirmed_final;1640474880000;1640504100000;1640478480000;1640507700000;1640471280000;1640503620000;;;0;3060;18240;7440;480;true;false
1640558220000;4405865;2021-12-27;29040;0;true;enhanced_confirmed_final;1640558220000;1640587500000;1640561820000;1640591100000;1640557980000;1640587320000;;;0;2760;18480;7800;240;true;false
1640642580000;4405865;2021-12-28;26040;0;true;enhanced_confirmed;1640642580000;1640668620000;1640646180000;1640672220000;1640642220000;1640668680000;;;0;3300;14580;8160;0;true;false
1640725680000;4405865;2021-12-29;28800;0;true;enhanced_confirmed_final;1640725680000;1640754660000;1640729280000;1640758260000;1640725020000;1640759040000;;;0;3060;15420;10320;180;true;false
1640819160000;4405865;2021-12-30;28080;0;true;enhanced_confirmed_final;1640819160000;1640848140000;1640822760000;1640851740000;1640818440000;1640854260000;;;0;2040;15000;11040;900;true;false
1640900220000;4405865;2021-12-31;33000;0;true;enhanced_confirmed;1640900220000;1640933340000;1640903820000;1640936940000;1640899800000;1640933340000;;;0;2100;19380;11520;120;true;false
1641000600000;4405865;2022-01-01;24120;0;true;enhanced_confirmed_final;1641000600000;1641025920000;1641004200000;1641029520000;1640999400000;1641028260000;;;0;4140;14700;5280;1200;true;false
1641075000000;4405865;2022-01-02;28680;0;true;enhanced_confirmed_final;1641075000000;1641104400000;1641078600000;1641108000000;1641068220000;1641102060000;;;0;2820;18180;7680;720;true;false
1641161040000;4405865;2022-01-03;29400;0;true;enhanced_confirmed_final;1641161040000;1641190800000;1641164640000;1641194400000;1641160020000;1641190800000;;;0;3000;17280;9120;360;true;false
1641242340000;4405865;2022-01-04;30480;0;true;enhanced_confirmed_final;1641242340000;1641276000000;1641245940000;1641279600000;1641264180000;1641276000000;;;0;2340;20940;7200;3180;true;false
1641331980000;4405865;2022-01-05;26700;0;true;enhanced_confirmed;1641331980000;1641358860000;1641335580000;1641362460000;1641331980000;1641357060000;;;0;1440;15780;9480;180;true;false
1641419940000;4405865;2022-01-06;25980;0;true;enhanced_confirmed_final;1641419940000;1641446160000;1641423540000;1641449760000;1641419520000;1641441600000;;;0;2700;17400;5880;240;true;false
1641506100000;4405865;2022-01-07;26880;0;true;enhanced_confirmed;1641506100000;1641533100000;1641509700000;1641536700000;1641505800000;1641532500000;;;0;2520;20280;4080;120;true;false
1641595440000;4405865;2022-01-08;26940;0;true;enhanced_confirmed_final;1641595440000;1641622620000;1641599040000;1641626220000;1641595200000;1641631860000;;;0;480;16020;10440;240;true;false
1641680820000;4405865;2022-01-09;29040;0;true;enhanced_confirmed_final;1641680820000;1641710520000;1641684420000;1641714120000;1641680460000;1641710520000;;;0;300;19500;9240;660;true;false
1641764160000;4405865;2022-01-10;28380;0;true;enhanced_confirmed_final;1641764160000;1641792840000;1641767760000;1641796440000;1641763440000;1641791520000;;;0;3600;16080;8700;300;true;false
1641849360000;4405865;2022-01-11;24600;0;true;enhanced_confirmed_final;1641849360000;1641873960000;1641852960000;1641877560000;1641849120000;1641873600000;;;0;2220;12360;10020;0;true;false
1641935100000;4405865;2022-01-12;28860;0;true;enhanced_confirmed_final;1641935100000;1641964080000;1641938700000;1641967680000;1641934560000;1641964020000;;;0;960;18900;9000;120;true;false
1642023540000;4405865;2022-01-13;25200;0;true;enhanced_confirmed_final;1642023540000;1642049400000;1642027140000;1642053000000;1642022160000;1642049100000;;;0;3000;14460;7740;660;true;false
1642115820000;4405865;2022-01-14;21900;0;true;enhanced_confirmed_final;1642115820000;1642137720000;1642119420000;1642141320000;1642114800000;1642137900000;;;0;3420;12900;5580;0;true;false
1642193640000;4405865;2022-01-15;34020;0;true;enhanced_confirmed_final;1642193640000;1642228140000;1642197240000;1642231740000;1642193220000;1642226760000;;;0;2400;21300;10320;480;true;false
1642290960000;4405865;2022-01-16;23280;0;true;enhanced_confirmed;1642290960000;1642314720000;1642294560000;1642318320000;1642290420000;1642314660000;;;0;3180;12120;7980;480;true;false
1642364520000;4405865;2022-01-17;24120;0;true;enhanced_confirmed;1642364520000;1642389240000;1642368120000;1642392840000;1642364580000;1642398600000;;;0;3480;13920;6720;600;true;false
1642450800000;4405865;2022-01-18;28020;0;true;enhanced_confirmed_final;1642450800000;1642478880000;1642454400000;1642482480000;1642450260000;1642479420000;;;0;3060;17280;7680;60;true;false
1642536600000;4405865;2022-01-19;32100;0;true;enhanced_confirmed_final;1642536600000;1642568700000;1642540200000;1642572300000;1642537020000;1642567260000;;;0;1680;17700;12720;0;true;false
1642628160000;4405865;2022-01-20;26820;0;true;enhanced_confirmed_final;1642628160000;1642655160000;1642631760000;1642658760000;1642627800000;1642655100000;;;0;1320;18000;7500;180;true;false
1642714020000;4405865;2022-01-21;27060;0;true;enhanced_confirmed_final;1642714020000;1642741320000;1642717620000;1642744920000;1642713540000;1642740960000;;;0;1980;18480;6600;240;true;false
1642807380000;4405865;2022-01-22;27780;0;true;enhanced_confirmed_final;1642807380000;1642835580000;1642810980000;1642839180000;1642806420000;1642841760000;;;0;4140;16080;7560;420;true;false
1642889760000;4405865;2022-01-23;28080;0;true;enhanced_confirmed_final;1642889760000;1642918080000;1642893360000;1642921680000;1642889160000;1642917900000;;;0;3840;18060;6180;240;true;false
1642974120000;4405865;2022-01-24;28380;0;true;enhanced_confirmed_final;1642974120000;1643002620000;1642977720000;1643006220000;1642974240000;1643001660000;;;0;2220;17280;8880;120;true;false
1643056320000;4405865;2022-01-25;26700;0;true;enhanced_confirmed_final;1643056320000;1643083200000;1643059920000;1643086800000;1643055900000;1643082840000;;;0;1320;17280;8100;180;true;false
1643146260000;4405865;2022-01-26;27420;0;true;enhanced_confirmed_final;1643146260000;1643173980000;1643149860000;1643177580000;1643146080000;1643173740000;;;0;3780;14880;8760;300;true;false
1643233620000;4405865;2022-01-27;27120;0;true;enhanced_confirmed_final;1643233620000;1643260860000;1643237220000;1643264460000;1643232840000;1643260020000;;;0;3300;16380;7440;120;true;false
1643319600000;4405865;2022-01-28;23220;0;true;enhanced_confirmed_final;1643319600000;1643342820000;1643323200000;1643346420000;1643317320000;1643342400000;;;0;3060;15600;4560;0;true;false
1643410980000;4405865;2022-01-29;28560;0;true;enhanced_confirmed_final;1643410980000;1643441280000;1643414580000;1643444880000;1643409240000;1643441280000;;;0;3000;14400;11160;1740;true;false
1643497380000;4405865;2022-01-30;27780;0;true;enhanced_confirmed_final;1643497380000;1643525760000;1643500980000;1643529360000;1643496480000;1643525400000;;;0;4440;14460;8880;600;true;false
1643577540000;4405865;2022-01-31;27900;0;true;enhanced_confirmed_final;1643577540000;1643605680000;1643581140000;1643609280000;1643577180000;1643603640000;;;0;2220;18180;7500;240;true;false
1643662980000;4405865;2022-02-01;25140;0;true;enhanced_confirmed_final;1643662980000;1643688240000;1643666580000;1643691840000;1643662500000;1643689320000;;;0;3000;16440;5700;120;true;false
1643751960000;4405865;2022-02-02;28080;0;true;enhanced_confirmed_final;1643751960000;1643780580000;1643755560000;1643784180000;1643751480000;1643780280000;;;0;780;15600;11700;540;true;false
1643839200000;4405865;2022-02-03;24180;0;true;enhanced_confirmed_final;1643839200000;1643863440000;1643842800000;1643867040000;1643838780000;1643866500000;;;0;2160;13380;8640;60;true;false
1643923140000;4405865;2022-02-04;27840;0;true;enhanced_confirmed_final;1643923140000;1643951340000;1643926740000;1643954940000;1643922720000;1643951220000;;;0;2040;20640;5160;360;true;false
1644012480000;4405865;2022-02-05;28080;0;true;enhanced_confirmed_final;1644012480000;1644041760000;1644016080000;1644045360000;1644008340000;1644041280000;;;0;1200;13740;13140;1200;true;false
1644098520000;4405865;2022-02-06;26520;0;true;enhanced_confirmed_final;1644098520000;1644125280000;1644102120000;1644128880000;1644098340000;1644124560000;;;0;3600;16620;6300;240;true;false
1644185820000;4405865;2022-02-07;29760;0;true;enhanced_confirmed_final;1644185820000;1644217560000;1644189420000;1644221160000;1644181440000;1644215340000;;;0;1020;14040;14700;1980;true;false
1644269460000;4405865;2022-02-08;31740;0;true;enhanced_confirmed_final;1644269460000;1644302760000;1644273060000;1644306360000;1644269100000;1644305460000;;;0;4200;18240;9300;1560;true;false
1644353100000;4405865;2022-02-09;30180;0;true;enhanced_confirmed;1644353100000;1644383460000;1644356700000;1644387060000;1644353460000;1644383280000;;;0;2460;18180;9540;180;true;false
1644443040000;4405865;2022-02-10;25800;0;true;enhanced_confirmed_final;1644443040000;1644469740000;1644446640000;1644473340000;1644441480000;1644469560000;;;0;3840;15900;6060;900;true;false
1644528480000;4405865;2022-02-11;27480;0;true;enhanced_confirmed_final;1644528480000;1644556140000;1644532080000;1644559740000;1644527220000;1644556140000;;;0;1320;16260;9900;180;true;false
1644616080000;4405865;2022-02-12;26100;0;true;enhanced_confirmed_final;1644616080000;1644643740000;1644619680000;1644647340000;1644613440000;1644644460000;;;0;1980;19020;5100;1560;true;false
1644704160000;4405865;2022-02-13;29640;0;true;enhanced_confirmed;1644704160000;1644734220000;1644707760000;1644737820000;1644701400000;1644733860000;;;0;2460;14760;12420;420;true;false
1644786960000;4405865;2022-02-14;29520;0;true;enhanced_confirmed_final;1644786960000;1644816960000;1644790560000;1644820560000;1644786600000;1644816660000;;;0;1980;17280;10260;480;true;false
1644877680000;4405865;2022-02-15;20520;0;true;enhanced_confirmed_final;1644877680000;1644898380000;1644881280000;1644901980000;1644876780000;1644898320000;;;0;3120;10740;6660;180;true;false
1644962040000;4405865;2022-02-16;26220;0;true;enhanced_confirmed_final;1644962040000;1644988440000;1644965640000;1644992040000;1644961500000;1644988140000;;;0;1440;16560;8220;180;true;false
1645053960000;4405865;2022-02-17;24300;0;true;enhanced_confirmed_final;1645053960000;1645078380000;1645057560000;1645081980000;1645053420000;1645078080000;;;0;2760;15300;6240;120;true;false
1645133160000;4405865;2022-02-18;28020;0;true;enhanced_confirmed;1645133160000;1645161180000;1645136760000;1645164780000;1645132920000;1645174620000;;;0;2280;13620;12120;0;true;false
1645221720000;4405865;2022-02-19;29820;0;true;enhanced_confirmed_final;1645221720000;1645252080000;1645225320000;1645255680000;1645220760000;1645251960000;;;0;3360;17100;9360;540;true;false
1645312320000;4405865;2022-02-20;36720;0;true;auto_confirmed_final;1645312320000;1645350840000;1645315920000;1645354440000;1645312320000;1645350840000;;;0;18780;17940;0;1800;true;false
1645392780000;4405865;2022-02-21;28740;0;true;enhanced_confirmed_final;1645392780000;1645421700000;1645396380000;1645425300000;1645391700000;1645421220000;;;0;1200;19200;8340;180;true;false
1645479300000;4405865;2022-02-22;23640;0;true;enhanced_confirmed_final;1645479300000;1645502940000;1645482900000;1645506540000;1645477380000;1645502760000;;;0;1920;14640;7080;0;true;false
1645564980000;4405865;2022-02-23;25260;0;true;enhanced_confirmed;1645564980000;1645590300000;1645568580000;1645593900000;1645564920000;1645609260000;;;0;3360;16740;5160;60;true;false
1645654620000;4405865;2022-02-24;23340;0;true;enhanced_confirmed_final;1645654620000;1645677960000;1645658220000;1645681560000;1645652580000;1645677900000;;;0;4440;14400;4500;0;true;false
1645740900000;4405865;2022-02-25;29340;0;true;enhanced_confirmed_final;1645740900000;1645771020000;1645744500000;1645774620000;1645740540000;1645771020000;;;0;2340;19200;7800;780;true;false
1645821360000;4405865;2022-02-26;32820;0;true;enhanced_confirmed_final;1645821360000;1645856400000;1645824960000;1645860000000;1645821060000;1645856460000;;;0;240;25860;6720;2220;true;false
1645911180000;4405865;2022-02-27;31200;0;true;enhanced_confirmed_final;1645911180000;1645943460000;1645914780000;1645947060000;1645910580000;1645943460000;;;0;1140;23580;6480;1080;true;false
1645996920000;4405865;2022-02-28;43620;0;true;auto_confirmed_final;1645996920000;1646041560000;1646000520000;1646045160000;1645996920000;1646041560000;;;0;19980;23640;0;1020;true;false
1646085060000;4405865;2022-03-01;23760;0;true;enhanced_confirmed_final;1646085060000;1646109000000;1646088660000;1646112600000;1646084580000;1646114460000;;;0;2460;13680;7620;180;true;false
1646169960000;4405865;2022-03-02;29520;0;true;enhanced_confirmed_final;1646169960000;1646199720000;1646173560000;1646203320000;1646167680000;1646199600000;;;0;1380;20400;7740;240;true;false
1646255700000;4405865;2022-03-03;27960;0;true;enhanced_confirmed_final;1646255700000;1646284260000;1646259300000;1646287860000;1646254440000;1646283960000;;;0;900;19260;7800;600;true;false
1646343180000;4405865;2022-03-04;27360;0;true;enhanced_confirmed_final;1646343180000;1646370600000;1646346780000;1646374200000;1646342400000;1646373600000;;;0;0;18720;8640;60;true;false
1646436300000;4405865;2022-03-05;26700;0;true;enhanced_confirmed_final;1646436300000;1646463060000;1646439900000;1646466660000;1646435940000;1646462580000;;;0;4200;13440;9060;60;true;false
1646519940000;4405865;2022-03-06;25980;0;true;enhanced_confirmed_final;1646519940000;1646546880000;1646523540000;1646550480000;1646519700000;1646546700000;;;0;2220;17640;6120;960;true;false
1646605980000;4405865;2022-03-07;24960;0;true;enhanced_confirmed;1646605980000;1646631300000;1646609580000;1646634900000;1646602020000;1646631180000;;;0;1440;15780;7740;360;true;false
1646688300000;4405865;2022-03-08;29580;0;true;enhanced_confirmed_final;1646688300000;1646718000000;1646691900000;1646721600000;1646687880000;1646718480000;;;0;2940;20280;6360;120;true;false
1646773680000;4405865;2022-03-09;28740;0;true;enhanced_confirmed_final;1646773680000;1646802600000;1646777280000;1646806200000;1646772900000;1646802480000;;;0;3300;17760;7680;180;true;false
1646860440000;4405865;2022-03-10;28200;0;true;enhanced_confirmed_final;1646860440000;1646889120000;1646864040000;1646892720000;1646856600000;1646888940000;;;0;2040;16020;10140;480;true;false
1646946300000;4405865;2022-03-11;26700;0;true;enhanced_confirmed_final;1646946300000;1646973240000;1646949900000;1646976840000;1646945820000;1646973840000;;;0;840;13440;12420;240;true;false
1647038160000;4405865;2022-03-12;26940;0;true;enhanced_confirmed_final;1647038160000;1647065520000;1647041760000;1647069120000;1647038400000;1647065160000;;;0;3180;17640;6120;420;true;false
1647126840000;4405865;2022-03-13;23700;0;true;enhanced_confirmed;1647126840000;1647151200000;1647130440000;1647154800000;1647118800000;1647150600000;;;0;3240;11220;9240;660;true;false
1647206160000;4405865;2022-03-14;29760;0;true;enhanced_confirmed;1647206160000;1647236160000;1647209760000;1647239760000;1647205560000;1647235860000;;;0;2940;21540;5280;240;true;false